name,age,company,phone
Aidan,76,Orci Corporation,0800 354 3905
Jamal,49,Primis Institute,(01844) 164754
Nehru,99,Parturient Industries,0800 1111
Lionel,55,Nec Imperdiet LLC,0800 1111
Kaseem,20,At Pede PC,0845 46 48
Zeus,59,Sit Ltd,0800 554244
Gabriel,54,A Industries,0845 46 44
Aristotle,41,Lacus Incorporated,(01782) 54525
Cooper,72,Erat Vitae Risus Incorporated,076 8895 8937
Gage,65,Aliquet Libero Corp.,056 9678 5857
Caleb,19,Massa Lobortis Ultrices Institute,0917 600 7198
Nathaniel,20,Semper Incorporated,(01997) 381741
Francis,88,Erat Vel Institute,0800 1111
Sean,27,Ligula Eu Corporation,056 4471 6572
Alexander,77,Velit Sed Inc.,(0161) 815 4717
Brady,83,Amet LLC,07426 454593
Cody,71,Ac Tellus Suspendisse Inc.,0800 1111
Joel,21,Proin Velit Sed Corp.,056 8692 0281
Armando,91,Proin Dolor Nulla Incorporated,055 8343 0810
Wade,59,Lorem Incorporated,0500 398023
Basil,77,Rutrum Non Limited,(01080) 378031
Burton,72,Amet LLC,0800 730 0838
Herman,83,Arcu Ltd,(016977) 7243
Rigel,63,Cum Sociis Natoque Company,070 9400 1623
Galvin,32,Tempus Eu Ligula Inc.,(0117) 652 7451
Gareth,85,Eget Lacus LLC,(01079) 203845
Theodore,55,Lorem Eget Institute,0800 1111
Hall,38,Tempor Arcu Inc.,0809 773 5171
Cole,76,Sagittis Lobortis Foundation,076 6982 9455
Cruz,50,Faucibus Inc.,0800 1111
Simon,76,Metus Institute,0845 46 48
Hamish,88,Laoreet LLC,0885 889 2048
Boris,23,Laoreet Institute,070 5298 4136
Damian,64,Dictum Proin Company,(0131) 135 6595
Nash,85,Amet Company,(0114) 758 1022
Knox,22,Dis Parturient Incorporated,(011304) 21485
Drake,59,Blandit Mattis Corporation,0800 587559
Quinn,94,Mauris Sit PC,0800 487 8314
Omar,60,Imperdiet Ornare In Foundation,0500 301179
Erich,24,Tristique Aliquet Phasellus Ltd,07624 592842
Dillon,68,Auctor Mauris Limited,(0119) 594 0468
Graiden,90,Nullam Incorporated,(0119) 805 3171
Justin,42,Non Hendrerit Id LLC,055 3501 7640
Bert,59,At Pretium Aliquet Incorporated,0836 031 6788
Hunter,38,Volutpat Nulla Company,07958 939553
Darius,89,Suscipit Est Institute,(0119) 339 2358
Troy,77,Rhoncus Donec Foundation,0845 46 44
Cameron,42,Ridiculus Mus Associates,055 2451 1871
Omar,57,Nec Diam Duis Corporation,(0115) 991 5901
Harlan,47,Mauris Id PC,07624 082127
Nissim,73,Tellus Incorporated,0500 031910
Stuart,50,Neque Inc.,076 8609 5111
Kevin,62,Euismod Est Arcu Institute,0800 674 3713
Kaseem,92,Risus Nulla Corporation,07830 986035
Eagan,55,Tempus Associates,0800 794 8807
Tarik,82,Arcu Vestibulum Ltd,0800 1111
Jonas,89,Nunc Ullamcorper LLP,0960 858 2327
Lawrence,79,Dis Parturient Corporation,0800 198717
Murphy,69,Eu Limited,(016977) 0698
Hayden,76,Adipiscing Lobortis Corporation,0800 861390
Zahir,51,Orci Inc.,0826 024 8457
Aidan,19,Mauris Erat Eget Ltd,07520 604189
Todd,60,Fringilla Donec Feugiat Limited,070 8429 9828
Nissim,67,Nibh Aliquam Ornare PC,(012833) 03705
Brett,85,Faucibus LLC,056 4728 4315
Ali,70,Et Tristique Pellentesque Institute,0500 135706
Honorato,60,Elit Company,(01919) 21522
Linus,47,Mattis Integer Incorporated,07862 319789
Stephen,72,Posuere Vulputate Lacus PC,055 8176 5713
Preston,99,Lectus Industries,07627 710837
Axel,44,Fames Company,0995 428 7916
Ahmed,95,Egestas PC,0342 389 5331
Hop,31,Fusce Diam Ltd,055 2706 2597
Kareem,37,Neque Non Quam Inc.,(016977) 7365
Conan,31,Netus Et Consulting,0339 091 2635
Cooper,61,Metus Eu Erat Industries,(01295) 247663
Steven,91,Risus Quis Diam LLC,076 1188 5732
Stephen,43,Phasellus Associates,(0191) 580 8807
Baker,92,Nulla Vulputate Corporation,(016848) 98532
Thaddeus,52,Quisque Inc.,0800 1111
Phillip,82,Pede Nunc Sed Company,0800 868 9706
Macaulay,92,Eu Accumsan Corporation,(0161) 073 7172
Garrison,19,Nunc Quis Arcu Inc.,(016977) 4348
Joseph,26,Mauris Eu Elit Consulting,0800 667673
Zane,40,Donec Feugiat Institute,056 6096 0426
Finn,68,Tristique Institute,0845 46 48
Zeus,88,Enim Consequat Company,0800 191834
Colt,54,Maecenas Corp.,0800 1111
Kermit,89,Diam Lorem Auctor PC,(017842) 16881
Upton,97,Nunc Nulla Vulputate Company,0500 235615
Basil,51,Curabitur Ut Odio LLC,0800 344 3121
Reuben,96,Elementum Sem PC,0800 1111
Burke,93,Donec Egestas Aliquam Institute,07624 825777
Lamar,37,Vel Foundation,0800 334 8658
Ralph,36,Vestibulum Foundation,(01249) 087197
Brandon,82,Praesent Company,07657 225594
Cedric,78,Pede Et Risus Foundation,0823 525 9695
Silas,19,Consectetuer Ipsum Nunc LLP,0800 215676
Phelan,84,Netus Consulting,07299 480206
Caldwell,94,Eget Dictum Placerat Associates,(0110) 200 0948